PC1,PC2,PC3,class
0.49801131623370803,-0.0026692607783097176,0.19093690548570472,0
-0.5355167480236438,0.5266371400612712,-0.11195359970102332,0
0.5147733238379056,0.06772588873299795,-0.008778239362181608,0
-0.5662816332991589,-0.37628875215630847,0.24014336388147833,0
0.45738148069019746,0.010985010407166717,-0.009032636556768548,0
-1.6676655278012364,0.05446853773592154,-0.07464984790889186,1
0.18728041375874613,0.7452307528288166,-0.2811521161670245,0
0.553283395865303,-0.045471584481082405,-0.0847933564221425,0
0.6064622728176846,-0.1088732641763074,-0.07769951838451124,0
0.5185494744276129,-0.035442122656644204,0.11278996184218362,0
0.657642748083281,-0.013092763539870034,-0.1842164482654753,0
0.6293763856437288,-0.02622928255647342,-0.07946474001693171,0
-0.001630455603108536,-0.052423549281905645,0.029083665918873042,1
0.5315353314421033,0.13812103824430563,-0.20849338421006794,0
-1.1721577137641919,0.20304833822555482,-0.14444899839875774,1
-0.2534211748500888,-0.3159375397733594,0.2150542493258649,1
0.5634351040847658,-0.009894472841422381,0.10987058597996079,0
0.5309819570131895,-0.010836665635835244,0.09626924248725847,0
-0.9264020777573571,0.5438740632464857,0.35115980046422773,1
0.4650406754542265,0.005498144079215808,0.28560456848415106,0
-0.7830136774587839,0.535326776687636,-0.2640993733985059,1
-0.9849639277983248,-0.15696959566521795,0.33926451750294406,1
0.5964057448642472,-0.018061877698947907,0.015202922981514504,0
0.629893879351634,-0.035338880208411805,-0.18773374650808033,0
-0.23659478339141193,0.2276315200452871,-0.0841209715283319,1
0.5792689839387415,-0.02136341084562796,0.021639597086342374,0
0.5304644633052843,-0.0017270679838968543,0.20453824897840703,0
0.6293763856437288,-0.02622928255647342,-0.07946474001693171,0
0.6075204880810875,-0.07005471287997826,-0.1439856053476926,0
0.6241546135958943,0.004184238969593868,0.018720221224119517,0
0.5969232385721526,-0.027171475350886296,-0.09306608350963402,0
-0.9104803804194774,-0.19161400792484498,0.45860487414409634,1
0.5601230004106564,-0.016260637329385322,-0.14571702303164755,0
0.5527659021573977,-0.03636198682914399,0.023475650069006065,0
0.6293763856437288,-0.02622928255647342,-0.07946474001693171,0
-1.3095770985005635,-0.7908434243326791,0.19550609933055674,1
0.31809132624241554,-0.0015721602451157111,0.23763586861816965,0
-0.7664511922274959,0.4710957934824027,-0.3916063338648482,1
-0.4369546898075856,0.07495500425841439,-0.36033126528037,1
-0.2836586759521192,-0.15611562081811992,0.5621060250484264,1
-1.2138774807376516,0.11904477802378062,0.1291205713423468,1
-0.3069683435401106,-0.3270226896160326,-0.05276839040412259,1
-1.257266768586111,-0.9311117338604553,0.38421706585755294,1
0.6485052114488051,-0.055293231017560646,-0.17709143348044848,0
-0.8347362239264876,0.034118068845185825,-0.29688047769573966,1
0.6623470264232102,-0.03439668741399893,-0.17413240301537802,0
0.45738148069019746,0.010985010407166717,-0.009032636556768548,0
-0.8701133343266378,-0.08726594761844338,0.21103356108292096,1
-0.2401653251963509,-0.10947506768758418,0.6201997344712548,1
-0.055156820647793585,0.04615944076036691,-0.020345748961431966,1
-0.6369094926845771,-0.2598767768538866,0.46350596483084244,1
-0.971587356558518,0.0940428698183028,-0.33552432418025674,1
-0.8455056862867335,0.38719516123076003,0.2976210392833302,1
-0.6322489854302469,-0.11748537212986282,0.4920890089140566,1
-0.9864181780321326,-0.37845499008875355,0.40138686792411615,1
-0.08456276494845966,-0.34632556213074606,0.41147119326976644,1
-0.2526692334997724,0.6248836519203118,0.07571148590814174,1
-0.1388589425996414,-0.04963426547084537,0.5241425239199353,1
-0.4266167976808723,-0.4022445527959709,-0.1523392276478629,1
0.6131677524684449,0.05233327181235978,-0.18451222186637184,0
-1.075632136233248,-0.039754138830169816,0.5398229759774266,1
-0.20321907427623503,-0.4975676665585937,0.1764642272854799,1
0.6623470264232102,-0.03439668741399893,-0.17413240301537802,0
-0.1578820144061175,-0.2855679859445728,0.5974599502284651,1
0.5309819570131895,-0.010836665635835244,0.09626924248725847,0
-0.6793823784013935,0.12042405959471236,-0.025395224741434238,1
-1.0929846921160156,-0.054242555265268604,0.1357272181549551,1
0.5905009940833963,-0.08747160431310068,-0.20259194158392818,0
0.4431847778915853,-0.03832728624428905,0.2210837031533901,0
-1.0414808450390267,-0.8143606537019744,-0.2719671168016585,1
0.24683722290759044,-0.168025055360087,-0.28726404917732207,0
-1.136101934605254,0.30406841971467774,-0.08749813393499863,1
-0.26455276988300325,-0.0004528632586574511,0.6482572702499496,1
0.46522873035020523,-0.01998394701135092,-0.21830037684013276,0
0.5314274983026617,-0.08929701480458725,-0.14931422175290343,0
0.4038929658294826,-0.04191152959283953,0.1577260611808392,0
0.46559404988314035,0.15445584795935666,-0.019158058213175407,0
0.6016275169120818,-0.0484753992250152,-0.0829820382595367,0
0.406334046653492,-0.05254188880541392,-0.13276205628812388,0
0.5266348659232698,0.0010163651800785935,0.05721964645794727,0
0.45312568657655516,-0.028216910593531545,0.19385628134792757,0
0.38496073555160054,0.06395711755534648,-0.06318361333299084,0
-1.2623574937823887,-0.19259903432652029,-0.6156667838988847,1
-1.0052527851877484,-0.9000833126042128,0.02534070782837955,1
-0.4325519162949578,0.25416359776012426,-0.2505354073203424,1
-0.9893292946638524,0.12059387359547354,-0.4603923246986254,1
0.5309819570131895,-0.010836665635835244,0.09626924248725847,0
0.5648272787505858,-0.03756456120351423,-0.13563297778155023,0
0.629893879351634,-0.035338880208411805,-0.18773374650808033,0
0.5920586537743275,-0.006208846883034069,-0.02384667304779669,0
0.5309819570131895,-0.010836665635835244,0.09626924248725847,0
0.6623470264232102,-0.03439668741399893,-0.17413240301537802,0
0.5969232385721526,-0.027171475350886296,-0.09306608350963402,0
0.629893879351634,-0.035338880208411805,-0.18773374650808033,0
0.6250292945538091,-0.014376251740559582,-0.11851433604624292,0
0.49801131623370803,-0.0026692607783097176,0.19093690548570472,0
-1.119371964457248,-0.5817355551360787,0.3858023424729992,1
-1.3092150280848285,0.1484830344241379,-0.3266633756887379,1
-0.7182583458661843,-0.407268129630571,0.4968644330598317,1
-0.0560037531676253,0.03889654497367695,-0.30771268130341856,1
0.48734211430633995,-0.029136774766031357,0.10454196957475001,0
-0.07223253229801214,0.0403917663195517,0.4051705198750326,1
-1.5516728693027417,-0.9521492960840873,0.0702800091364642,1
-0.14757265900044322,-0.08589574796167118,0.19608703209261377,1
-1.1962394187346572,0.49954123939387896,0.28942785721962444,1
-1.1415855950708893,0.13943185180663403,-0.819960249837713,1
0.5835612558867349,-0.13866213562337668,-0.2038487931670737,0
-0.8102515612619698,0.14224236151697411,-0.08673921485296394,1
0.29660922826703395,-0.11583975999276094,-0.3048038607588127,0
-0.5065295566671049,0.48811737717581577,0.31546263047483986,1
-0.8539904302096469,0.6794121142550668,0.029342775967653233,1
-1.2656832181571276,0.089789426307671,0.49089843262003025,1
0.3321829478619851,0.0850604391987169,-0.005046579401238179,0
0.4980830776757253,0.3134653422858488,-0.20205033492665092,0
0.13347628994425587,-0.031265328974899136,0.4720860864536307,0
-1.0367101131325576,0.2894717676548078,-0.5678251350858536,1
0.5409438881219619,0.09551319049604781,-0.18832529370987333,0
0.4698876941807528,0.042178238917776126,-0.005858863499958749,0
0.5494537984832883,-0.042728151317106944,-0.23211195894260225,0
0.4369170534012713,0.05034564377530165,0.08880879949848751,0
-1.336351487175719,0.10910654970562488,0.5279593138363263,1
-0.5191180565703936,0.4139781022982366,0.05842532930844196,1
-1.081765642863115,-0.21459626998185413,-0.36347744257259,1
0.6623470264232102,-0.03439668741399893,-0.17413240301537802,0
-0.8964161906495994,0.3805313172339588,-0.13353769030424606,1
0.5639525977926709,-0.019004070493360784,0.0016015794888121957,0
-0.6473919696911979,0.36442523620096456,0.20189915274375053,1
0.4728092236416105,-0.21142342796792024,-0.18866944546351577,0
0.4431847778915853,-0.03832728624428905,0.2210837031533901,0
0.5969232385721526,-0.027171475350886296,-0.09306608350963402,0
-1.376395127354847,0.08213489446223995,-0.39346927326392495,1
0.5570128595960095,-0.07019460180363678,0.000344727905666675,0
0.5686568761326003,-0.04030799436748966,0.011685624738909488,0
0.37004627174246746,-0.020204749761328734,0.15084069648301524,0
0.5634351040847658,-0.009894472841422381,0.10987058597996079,0
0.6288588919358236,-0.01711968490453503,0.028804266474216814,0
0.5197952613779162,-0.02819458197161848,0.11814331306745232,0
0.6288588919358236,-0.01711968490453503,0.028804266474216814,0
0.6618295327153051,-0.025287089762060542,-0.0658633965242294,0
-0.48951123166393257,0.0427687122920609,0.3586334842485826,1
0.4980830776757253,0.3134653422858488,-0.20205033492665092,0
0.6293763856437288,-0.02622928255647342,-0.07946474001693171,0
-0.26976743984920326,0.35924643667762146,-0.10952959251664562,1
0.585418883736798,0.030087155143818014,-0.18802952010897683,0
-0.01679758194101895,-0.49747254878325725,-0.25601414152718427,0
-1.440557874886855,-0.12554513747190915,0.08933539158356098,1
0.657642748083281,-0.013092763539870034,-0.1842164482654753,0
-0.508112643519108,0.4247270929839769,0.22282689283484142,1
-1.3293091803878774,-0.43678553597745917,0.23491965020498773,1
0.49752970324681145,0.16450763840570792,0.10271229177067549,0
0.6948001734947865,-0.03345449461958605,-0.1605310595226757,0
-0.5104540983543164,0.6348174099162102,-0.12448504822705458,1
0.5738215540592079,-0.07824444635941687,-0.16294030006566362,0
0.5969232385721526,-0.027171475350886296,-0.09306608350963402,0
-1.566481915918024,-0.20312098577334367,0.25170338451251295,1
-1.1493609288470144,0.1860677331123958,0.35019386731786045,1
0.4915890717449519,-0.06296938974052411,0.08141104741141064,0
0.5639525977926709,-0.019004070493360784,0.0016015794888121957,0
0.5043393663089764,0.04778311690180382,-0.24817852129449464,0
0.4424097977901866,0.023760569485834607,0.07103122856041684,0
-1.2371838307693444,-0.027726969608434068,-0.3675504050596722,1
-0.9405738327751135,-0.48422258428171355,0.24460647244674397,1
0.5639525977926709,-0.019004070493360784,0.0016015794888121957,0
0.6857488040649375,-0.00029753992954333324,-0.20966470080208421,0
0.6288588919358236,-0.01711968490453503,0.028804266474216814,0
0.629893879351634,-0.035338880208411805,-0.18773374650808033,0
0.6623470264232102,-0.03439668741399893,-0.17413240301537802,0
-1.9367562840196326,-0.24501033933451907,-0.4487344627030849,1
-0.6780106152416507,0.6091237202473244,0.22693516519642715,1
-1.2646965977750775,0.062081533334902086,-0.29280535112614314,1
0.5969232385721526,-0.027171475350886296,-0.09306608350963402,0
-0.9859375152612891,-1.0218261049934687,-0.0015843400646989997,1
0.5309819570131895,-0.010836665635835244,0.09626924248725847,0
-0.3062490453367647,0.6230420637369177,0.0005316697117421614,1
0.657642748083281,-0.013092763539870034,-0.1842164482654753,0
0.6948001734947865,-0.03345449461958605,-0.1605310595226757,0
0.4650406754542265,0.005498144079215808,0.28560456848415106,0
-1.3106915143965783,0.1119057358754012,-0.3616579544088925,1
-0.7618318092657238,0.5439720374277776,0.24821131339623886,1
0.6246721073037995,-0.0049253586823445215,-0.089548785267029,0
-0.9509788086111463,-0.1436679768141325,-0.6527416073950273,1
-1.4401409384648756,0.12962531891618015,-0.034215477574731055,1
-1.2550661366622693,-0.07268190381173335,-0.5362101812379985,1
0.497728564280782,-0.09748674828402586,-0.16826891647087439,0
-1.660771754380582,-0.23492424105844395,0.12159051579045452,1
-1.5507103716495654,-0.06435758755724391,-0.2822540926844673,1
0.5304644633052843,-0.0017270679838968543,0.20453824897840703,0
0.629893879351634,-0.035338880208411805,-0.18773374650808033,0
0.5639525977926709,-0.019004070493360784,0.0016015794888121957,0
0.5309819570131895,-0.010836665635835244,0.09626924248725847,0
-0.7836559571729871,0.020226167551050486,0.06722716568414518,0
0.38761060174922,0.030063253286193217,0.03298408691966419,0
0.6948001734947865,-0.03345449461958605,-0.1605310595226757,0
0.5964057448642472,-0.018061877698947907,0.015202922981514504,0
-1.2713315206148241,0.11389751297929492,0.15785535227107778,1
-1.2237910595001495,0.36185570067272527,0.3951036494966005,1
0.629893879351634,-0.035338880208411805,-0.18773374650808033,0
0.49801131623370803,-0.0026692607783097176,0.19093690548570472,0
0.629893879351634,-0.035338880208411805,-0.18773374650808033,0
-1.6864445964518218,-0.17497668328610005,-0.4369944982860598,1
-0.9865647531061104,-0.2891819246822748,0.5328909939734554,1
0.657642748083281,-0.013092763539870034,-0.1842164482654753,0
0.657642748083281,-0.013092763539870034,-0.1842164482654753,0
0.525760184965355,0.019576855890232055,0.19445420372830974,0
-1.8407028502660967,-0.13915625042145527,-0.21868552452790235,1
-1.333874394139913,-0.013768426861952607,-0.03268108266866767,1
0.629893879351634,-0.035338880208411805,-0.18773374650808033,0
-1.902005092267967,-0.1245783940419515,-0.0168653905933765,1
-1.689272072559942,0.23280002147841763,0.02470964359753933,1
-1.109742490510275,-0.40588264011420866,0.018502958869844453,1
0.6623470264232102,-0.03439668741399893,-0.17413240301537802,0
0.629893879351634,-0.035338880208411805,-0.18773374650808033,0
-1.2107472912075317,-0.5923629444228682,-0.2042884764975892,1
0.37776099004052743,-0.03110207418117639,0.30215002265913415,0
0.593093641190138,-0.024428042186910835,-0.2403846860300938,0
-1.3096493056826646,0.005103889065839637,0.26149982976886926,1
0.32086640067435945,0.3810931567755562,-0.033433270225436455,1
-0.6592672043171283,0.26649273449212674,0.1528555019270049,1
-1.1341047876583352,0.23392732658511364,0.1726233017225146,1
0.6623470264232102,-0.03439668741399893,-0.17413240301537802,0
-1.1941441975778604,0.1732136664223266,0.2803110236712878,1
-1.0469412021091786,-0.2771971612519642,0.16528184191822806,1
0.657642748083281,-0.013092763539870034,-0.1842164482654753,0
-1.7510308805523733,-0.20688736497622423,0.3228136957427098,1
-0.7244281521100309,0.09365570576291689,0.08622134232955823,1
-1.2046997661210577,-0.16403675982530272,-0.13148642950613523,1
-0.16634497127313316,-0.25194262293170955,0.3729247465741397,0
-0.6815723189679455,0.6448568198660621,0.37794889044705526,1
0.20582820069868066,-0.37130921644598663,-0.06209521532109474,0
-1.3652067890748683,-0.16470293202041916,0.4312068592800777,1
-0.9894398143685023,-0.7683714498752354,0.25669731764747833,1
-1.6387734932597255,-0.3488292128015403,-0.05035052927225681,1
-0.5534749141889209,0.5671125727916828,0.48011408721385407,1
0.2416192570773527,-0.0340410991843061,0.07568561510667361,0
0.5181009902013259,0.02506372221818295,-0.10018300131260979,0
0.5969232385721526,-0.027171475350886296,-0.09306608350963402,0
0.36827048938942014,0.3096965711081973,-0.2564557088974601,0
0.629893879351634,-0.035338880208411805,-0.18773374650808033,0
0.4120318041174467,0.09497153646954996,0.1279061471126974,0
-1.5866543814630276,0.04871243255714193,-0.05527075951412504,1
-0.3386969853713414,0.47986390255950506,0.39576126237054055,1
0.3340175306720014,-0.27150028615927957,0.021978267108019315,0
0.6062747011307842,-0.07730225356500399,-0.1493389565729613,0
-0.8776096084304967,0.6374487408984746,0.06773756590277213,1
-0.5148287272660579,0.4694455110171917,-0.06490149283955578,0
-1.2138774807376516,0.11904477802378062,0.1291205713423468,1
-1.075632136233248,-0.039754138830169816,0.5398229759774266,1
-0.6764919131451701,0.2644165616928022,0.01950253918886966,1
0.6288588919358236,-0.01711968490453503,0.028804266474216814,0
0.5964057448642472,-0.018061877698947907,0.015202922981514504,0
0.5639525977926709,-0.019004070493360784,0.0016015794888121957,0
-0.5788216976333175,0.11821737781400185,0.13030431127167585,0
-1.0460177071102195,0.6207199861033043,0.12994694202405194,1
-1.6268272570357,-0.09098934598925314,-0.27448212286515494,1
-1.3060423267958883,0.0744644892317778,0.14122151976199182,1
-1.0397072239447496,0.4859919132220531,0.029870043710797378,1
-0.8808618665476353,-0.2998703706830564,-0.15714819776533595,1
0.3276989028449218,-0.10970231227358689,0.20089689167233146,0
-0.9580553113423065,0.3707793773256773,0.48339892762035463,1
-0.33735319312136886,0.6221657765679474,-0.163460741831148,1
-0.9941228747572982,-0.48369506390170175,0.4774431456342451,1
0.629893879351634,-0.035338880208411805,-0.18773374650808033,0
-0.7967437827621331,0.15575452949503885,0.3145741256192589,1
0.49801131623370803,-0.0026692607783097176,0.19093690548570472,0
-0.33735319312136886,0.6221657765679474,-0.163460741831148,1
0.0021924157646254308,0.06689588453208783,0.3436366436600127,1
0.5245597125244333,-0.07113679459804965,-0.013256615587035635,0
0.5964057448642472,-0.018061877698947907,0.015202922981514504,0
0.6623470264232102,-0.03439668741399893,-0.17413240301537802,0
0.629893879351634,-0.035338880208411805,-0.18773374650808033,0
-0.68032692667395,0.09559057076555674,0.5040613926519928,1
0.5639525977926709,-0.019004070493360784,0.0016015794888121957,0
0.5601230004106564,-0.016260637329385322,-0.14571702303164755,0
-0.6832267620275104,0.4231448878669142,-0.8382352489533484,1
-0.6060035204419215,0.544444067651697,0.5640595367060176,1
-0.940553846022532,0.35676372586464494,-0.2521219539338393,1
-1.829151649876262,0.011308817108845477,-0.2029884296183671,1
-1.9709431470946102,-0.3138694272857085,-0.004367437633507356,1
0.5686568761326003,-0.04030799436748966,0.011685624738909488,0
-0.29389610479911893,-0.19975337314385064,0.09266970810191377,1
-1.1843412126451822,0.013226636460870994,-0.38534890961972645,1
0.6948001734947865,-0.03345449461958605,-0.1605310595226757,0
0.629893879351634,-0.035338880208411805,-0.18773374650808033,0
-0.6053655846209737,0.6384250544028327,0.325063415399074,1
-1.0025721103769665,0.3931335742014766,-0.32277332702226624,1
-0.31730523948749556,-0.09815414561053445,-0.03501242640837655,0
0.33587345218632225,-0.06856866043775457,0.49451006260085595,0
-0.7396351983248654,0.46487017991989965,0.0676590459217928,1
-0.9629011471118585,-0.43313326951501824,0.1212456250754507,1
0.629893879351634,-0.035338880208411805,-0.18773374650808033,0
-1.9301530050932039,-0.3271824030649082,0.11629864869703126,1
0.629893879351634,-0.035338880208411805,-0.18773374650808033,0
-0.665141403692569,0.6571820991045517,-0.0422627467613892,1
-1.1165341532623418,0.041359653423939685,0.308522400987934,1
0.629893879351634,-0.035338880208411805,-0.18773374650808033,0
0.629893879351634,-0.035338880208411805,-0.18773374650808033,0
-0.961367282505487,-0.5237764428434208,-0.021595881143816612,1
0.3023292078304572,0.3260313808232484,-0.06712038290056764,0
0.6016275169120818,-0.0484753992250152,-0.0829820382595367,0
0.6948001734947865,-0.03345449461958605,-0.1605310595226757,0
-0.6670129168906399,-0.44910791024601143,-0.04707466688772072,1
0.6948001734947865,-0.03345449461958605,-0.1605310595226757,0
0.6900958951548573,-0.012150570745457171,-0.170615104772773,0
-0.529989800779678,0.4414741834893321,0.03576637973139146,1
-1.3012586656311405,-0.11040770215723805,-0.2864802176071053,1
0.5466472731566929,-0.10207723021403715,-0.19828564123589537,0
-0.36130610413173536,0.04025372243665248,-0.16781749972653912,0
-0.7594984279370868,0.3094195411438175,0.1410182495362167,1
0.5639525977926709,-0.019004070493360784,0.0016015794888121957,0
-0.6611135423899265,0.7070122265613686,-0.3398195003399372,1
0.629893879351634,-0.035338880208411805,-0.18773374650808033,0
0.4290945019637697,-0.16617508485374358,-0.003321364220466745,0
-0.29254030320445273,0.660454838643654,0.4990795786060437,1
0.6623470264232102,-0.03439668741399893,-0.17413240301537802,0
-0.7420204607993299,-0.5317743807189117,0.2861763866879868,1
-0.7857713647280278,0.6128192943311265,0.3980685265784533,1
-0.5417524299358374,0.4669181335052493,0.5565560086324767,1
0.4841695012593029,-0.023565804381871433,0.18797787502063426,0
0.36574586751154836,-0.08679671301250268,0.14822121733026006,0
-0.6481960977437118,0.5146111929289036,-0.16596672888878888,1
-0.7631510920582427,0.38714452643104147,0.28940197367891674,1
0.6948001734947865,-0.03345449461958605,-0.1605310595226757,0
-0.7629527399931498,0.4861622018341293,-0.1832111477427838,1
0.629893879351634,-0.035338880208411805,-0.18773374650808033,0
0.6900958951548573,-0.012150570745457171,-0.170615104772773,0
-0.6560558314076695,0.565447262132037,0.17236844488850472,1
-0.6132833126120854,0.4666094869546147,0.46454470736837217,1
0.629893879351634,-0.035338880208411805,-0.18773374650808033,0
0.6618295327153051,-0.025287089762060542,-0.0658633965242294,0
0.6948001734947865,-0.03345449461958605,-0.1605310595226757,0
-1.2254577777593223,0.2540263979170889,-0.21738494238743897,1
0.6948001734947865,-0.03345449461958605,-0.1605310595226757,0
0.33105726058324,-0.16023336099132043,0.14344706750450953,0
0.6437632716899583,-0.11547382616042204,-0.18673015143176636,0
-0.19485833948421646,-0.22335360335110882,-0.4789488522396769,1
-0.44716511174614393,0.2910900245894281,-0.2997420651131997,1
0.48931713405386856,0.02103680085351797,0.11283771342708232,0
0.5969232385721526,-0.027171475350886296,-0.09306608350963402,0
-0.2853846033097078,-0.34640225862465734,-0.1880897114055343,0
-1.3668307505776902,-0.058315380968562716,-0.7273025966136604,1
0.6623470264232102,-0.03439668741399893,-0.17413240301537802,0
0.49629335008488124,-0.08427331361465303,0.09149509266150793,0
0.08838355437924014,-0.08520951230147107,0.15340972435870429,1
-1.5885267654394142,0.04095882649144445,0.033371450918609394,1
-0.9817348988582055,-0.6446912742964226,0.223516900432903,1
-0.549652915771891,0.19441419648632438,0.4141050094042074,1
-1.9688731722629893,-0.35030781789346205,-0.43744346359810166,1
-0.9185405775747117,0.43967555506630984,-0.5730043802843011,1
0.3540239871274203,0.06705804847126806,-0.0013992082559687164,0
0.16269990092173198,0.04293300679654226,0.07003631760510279,0
0.5969232385721526,-0.027171475350886296,-0.09306608350963402,0
0.6293763856437288,-0.02622928255647342,-0.07946474001693171,0
-1.8393968428049037,-0.24218376095128047,-0.407930432224978,1
-1.5232145382764322,-0.013273316292510825,-0.5161956280274584,1
0.6075204880810875,-0.07005471287997826,-0.1439856053476926,0
0.6028162097411582,-0.048750789005849365,-0.1540696505977899,0
0.4022751333319636,-0.1015359982706039,0.12046476654929299,0
0.6075204880810875,-0.07005471287997826,-0.1439856053476926,0
0.5197952613779162,-0.02819458197161848,0.11814331306745232,0
0.4936642251437883,0.009183770037604119,0.15188730945639353,0
0.5527659021573977,-0.03636198682914399,0.023475650069006065,0
0.6948001734947865,-0.03345449461958605,-0.1605310595226757,0
0.6623470264232102,-0.03439668741399893,-0.17413240301537802,0
0.6900958951548573,-0.012150570745457171,-0.170615104772773,0
0.4188632763798747,-0.05970820440767561,-0.16112538890297887,0
0.2218227913355597,-0.1531571211364252,0.214559241987415,0
0.6948001734947865,-0.03345449461958605,-0.1605310595226757,0
-1.1077503453140087,0.2330734152593076,0.16442005931285616,1
0.399234001998935,-0.1040737155219666,-0.05471545215933474,0
0.6618295327153051,-0.025287089762060542,-0.0658633965242294,0
0.6618295327153051,-0.025287089762060542,-0.0658633965242294,0
0.36382216780447746,-0.19177618362402787,-0.034028748484453246,0
-0.656583857347452,0.5930492921122307,0.18310712355738862,1
0.25641126461256025,-0.10170005731618638,0.15715287362051494,0
0.5899835003754911,-0.07836200666116229,-0.09432293509277954,0
0.4141434353506344,0.010624050469231225,0.17578293680896037,0
0.6255467882617143,-0.023485849392497957,-0.22678334253739155,0
-1.2685990707460957,0.11975902643961572,0.30618779299326354,1
0.5964057448642472,-0.018061877698947907,0.015202922981514504,0
0.7225490422264336,-0.011208377951044308,-0.1570137612800707,0
0.5301817113523583,-0.09654455548961298,-0.15466757297817207,0
0.5964057448642472,-0.018061877698947907,0.015202922981514504,0
0.5639525977926709,-0.019004070493360784,0.0016015794888121957,0
0.5958882511563421,-0.008952280047009518,0.1234719294726631,0
0.5121272299388568,-0.09574225161885859,0.0032641037678895358,0
0.5626348584239346,-0.0956023626952001,-0.14106622948546976,0
-1.2411254213901068,0.03709214232319164,-0.4592659934125957,1
0.6288588919358236,-0.01711968490453503,0.028804266474216814,0
0.35341351857727954,-0.08942258587473272,0.22692245487783577,0
0.4813210700715276,0.24307019277454112,-0.0023351900787646016,0
0.5369211822464041,-0.08931319249649482,-0.27777175778032775,0
0.6623470264232102,-0.03439668741399893,-0.17413240301537802,0
0.47490963172076345,-0.053742231786840323,0.12106268892967516,0
0.6623470264232102,-0.03439668741399893,-0.17413240301537802,0
0.3775326244347359,0.0010739131363336598,-0.14198536307070417,0
0.5527659021573977,-0.03636198682914399,0.023475650069006065,0
0.6623470264232102,-0.03439668741399893,-0.17413240301537802,0
-1.281440640432211,-0.3884365596149329,0.3220667056397836,1
0.45437147352685847,-0.020969369908505817,0.19920963257319624,0
-0.8001287783095435,0.33388596436590384,0.26329942008648377,1
-0.03713865275009241,-0.09116238378107544,-0.33125135555730206,0
-1.156704124642191,0.3307888474841211,0.14894115653232587,1
0.6623470264232102,-0.03439668741399893,-0.17413240301537802,0
0.2702716315108016,-0.021905490184118533,0.1212810245214935,0
0.4888116672060583,-0.14312073939812953,-0.07057653952759876,0
0.303468101196146,0.13242976505694068,-0.11326783430748802,0
-1.55063560398088,0.2547599727417035,0.24467684175414073,1
0.27514524174870947,-0.20279763173604884,0.08893705823499155,0
0.4431847778915853,-0.03832728624428905,0.2210837031533901,0
0.6288588919358236,-0.01711968490453503,0.028804266474216814,0
-2.00811505397494,-0.13962109647765575,-0.15401188740253352,1
0.2549471375283072,-0.1433807204709081,0.2653419796330127,0
-0.7366127941324468,-0.6774840476286862,0.3193734417405689,1
0.6623470264232102,-0.03439668741399893,-0.17413240301537802,0
0.6293763856437288,-0.02622928255647342,-0.07946474001693171,0
0.5331828818406669,-0.13762471114913144,-0.18315184636678017,0
0.3295202171791844,-0.07747254217708018,0.06374223488061985,0
0.49107157803704676,-0.05385979208858572,0.18968005390255918,0
0.46673294324882914,-0.039145767806951004,-0.06530550962009579,0
-0.80243192690819,0.2222560905420525,0.036322014565507106,0
-0.9090685080931029,0.4510723634108612,0.6350270404139657,1
-0.8178636636723962,-0.8094334096120198,0.6605289320167129,1
0.5958882511563421,-0.008952280047009518,0.1234719294726631,0
0.435008089419651,-0.02373082226439974,0.03471550460361913,0
0.5629176103768606,-0.000784875189483991,0.21813959247110934,0
-0.9452638380595372,0.7526041881360238,0.02005797594839567,1
0.21645360166407424,0.24828975760867716,0.04023942030180177,0
0.5228411492622639,0.1618270998761333,-0.2865925762686904,0
0.6456208995400212,0.05327546460677265,-0.17091087837366953,0
0.3187144037661573,0.03058100545506624,-0.06223374687426553,0
0.6618295327153051,-0.025287089762060542,-0.0658633965242294,0
0.6948001734947865,-0.03345449461958605,-0.1605310595226757,0
0.5629176103768606,-0.000784875189483991,0.21813959247110934,0
0.7225490422264336,-0.011208377951044308,-0.1570137612800707,0
-1.4484335137859734,-0.008300481111905404,-0.40313963507062683,1
0.5175834964934207,0.03417331987012136,0.008086005178538769,0
0.5629176103768606,-0.000784875189483991,0.21813959247110934,0
0.5552584156128315,0.0047019911384669185,-0.07649761256981019,0
-1.0978598812032276,0.26234163690703804,-0.5193650599013461,1
0.5443094046693523,-0.09862850606104599,-0.06354194304238875,0
0.049800749367219,0.4089576426809576,0.6478118856930155,1
-1.2085213073942325,0.36206164259902573,0.09713847425541196,1
-1.2392819659183738,-0.6401616925708894,0.0345406538025138,1
0.519277767670011,-0.019084984319680063,0.22641231955860086,0
0.47563792496316154,-0.03738509344987617,0.2346850466460924,0
0.48931713405386856,0.02103680085351797,0.11283771342708232,0
0.4321417961167623,0.32980015200089985,-0.012715008929758406,0
0.4563464932743871,0.02920420571104348,0.20750537642552866,0
0.5564953658881044,-0.06108500415169838,0.10861373439681526,0
0.5958882511563421,-0.008952280047009518,0.1234719294726631,0
-1.322772735277983,-0.5724001351168893,0.1903778397490965,1
-1.0754568847402728,0.24746770510926375,0.3963745981490394,1
-0.9635176716698498,0.2806511658336175,-0.10114702081460425,1
0.5958882511563421,-0.008952280047009518,0.1234719294726631,0
0.6187071837163607,-0.05269679654419505,-0.16585967592788647,0
0.6241546135958943,0.004184238969593868,0.018720221224119517,0
0.4563464932743871,0.02920420571104348,0.20750537642552866,0
0.557695838329026,0.029628646336583294,0.31632455371216067,0
0.5958882511563421,-0.008952280047009518,0.1234719294726631,0
0.5629176103768606,-0.000784875189483991,0.21813959247110934,0
0.6288588919358236,-0.01711968490453503,0.028804266474216814,0
0.5522484084494925,-0.027252389177205603,0.13174465656015463,0
0.5958882511563421,-0.008952280047009518,0.1234719294726631,0
0.5180319807197077,-0.02633252500470579,0.2210589683333322,0
-1.1617539826968792,0.3225044051736822,-0.5218083400687088,1
0.5906664791085077,0.021461241479057782,0.22165689071371436,0
0.31910579387121735,-0.03744776988562079,0.07429825271700602,0
-1.8867950189707599,-0.7613397850415048,-0.12874406733319865,1
-1.3980091572730096,0.023073252400493235,0.02045940015316365,1
0.519277767670011,-0.019084984319680063,0.22641231955860086,0
0.5505900179939109,0.1840732165446751,-0.2830752780260854,0
0.6241546135958943,0.004184238969593868,0.018720221224119517,0
-1.5660152181681628,0.3450235031708155,0.10381528937408623,1
-0.3668832945129965,-0.10862947529644036,-0.5016933368078568,1
0.12388973576555204,0.17310430353469755,0.25145794900779955,1
0.6948001734947865,-0.03345449461958605,-0.1605310595226757,0
-0.8758824701164863,0.4593835767291069,-0.031739507217202145,1
0.5911839728164128,0.012351643827119393,0.1133878842225658,0
-1.4523018162773382,0.16022959886394333,-0.3928760275409205,1
-0.09659235613738458,0.3805979686477672,-0.3096013515214083,0
0.6241546135958943,0.004184238969593868,0.018720221224119517,0
0.7225490422264336,-0.011208377951044308,-0.1570137612800707,0
0.5510026214991892,-0.03449992986223133,0.12639130533488593,0
0.5634351040847658,-0.009894472841422381,0.10987058597996079,0
0.5634351040847658,-0.009894472841422381,0.10987058597996079,0
0.4650406754542265,0.005498144079215808,0.28560456848415106,0
0.5634351040847658,-0.009894472841422381,0.10987058597996079,0
0.5266348659232698,0.0010163651800785935,0.05721964645794727,0
0.5309819570131895,-0.010836665635835244,0.09626924248725847,0
0.6948001734947865,-0.03345449461958605,-0.1605310595226757,0
0.5390876326215178,-0.06821498453497869,0.034643018198662494,0
-1.455547674107189,-0.5301606041068649,-0.09265829310070889,1
0.5472623516304905,0.22673538305949006,-0.1916705160756571,0
0.5629176103768606,-0.000784875189483991,0.21813959247110934,0
0.6618295327153051,-0.025287089762060542,-0.0658633965242294,0
0.6948001734947865,-0.03345449461958605,-0.1605310595226757,0
0.5304644633052843,-0.0017270679838968543,0.20453824897840703,0
0.5629176103768606,-0.000784875189483991,0.21813959247110934,0
0.6241546135958943,0.004184238969593868,0.018720221224119517,0
-1.3534345245970594,0.12967827426629971,-0.42564581689066894,1
-1.2443268511588421,0.05327502942559553,-0.48081131516273595,1
0.7225490422264336,-0.011208377951044308,-0.1570137612800707,0
0.6900958951548573,-0.012150570745457171,-0.170615104772773,0
0.548418811067478,-0.02450895601323014,-0.015573945960305141,0
-0.810241281686306,0.46002259053813077,-0.11566831887135887,1
0.6670513047631396,-0.055700611288127845,-0.1640483577652807,0
0.5681393824246951,-0.031198396715551278,0.11995463123005808,0
-0.5195231853205329,0.13769639245723483,0.4190131000794452,1
-0.9386771086773879,0.5480995121203238,-0.19791712861042987,1
0.5964057448642472,-0.018061877698947907,0.015202922981514504,0
0.5920586537743275,-0.006208846883034069,-0.02384667304779669,0
0.5958882511563421,-0.008952280047009518,0.1234719294726631,0
0.5309819570131895,-0.010836665635835244,0.09626924248725847,0
0.40586704602218404,-0.018306850570849662,0.2767017701225252,0
0.5911839728164128,0.012351643827119393,0.1133878842225658,0
-0.8177205851570659,0.2201329766228849,0.048424104058669495,1
0.47490963172076345,-0.053742231786840323,0.12106268892967516,0
0.657642748083281,-0.013092763539870034,-0.1842164482654753,0
0.5964057448642472,-0.018061877698947907,0.015202922981514504,0
0.6293763856437288,-0.02622928255647342,-0.07946474001693171,0
0.5058139557764388,-0.061028260447303036,-0.2238392318551107,0
0.49801131623370803,-0.0026692607783097176,0.19093690548570472,0
0.45437147352685847,-0.020969369908505817,0.19920963257319624,0
0.5634351040847658,-0.009894472841422381,0.10987058597996079,0
0.4974938225258028,0.006440336873628672,0.29920591197685337,0
0.481285189350519,0.08500289124246187,0.1941584301274132,0
0.6288588919358236,-0.01711968490453503,0.028804266474216814,0
0.47314635106255487,-0.051880174819927634,0.223978344195555,0
0.5634351040847658,-0.009894472841422381,0.10987058597996079,0
0.5052964620685337,-0.051918662795364647,-0.11557022536396219,0
0.5304644633052843,-0.0017270679838968543,0.20453824897840703,0
-1.6453504780318848,-0.027820032655743124,-0.37610705646413517,1
0.689578401446952,-0.003040973093518795,-0.06234609828162438,0
0.6566077606674706,0.005126431764006731,0.03232156471682183,0
-0.8618299207287289,-0.22346996984688178,-0.10857796229494061,1
0.5964057448642472,-0.018061877698947907,0.015202922981514504,0
0.629893879351634,-0.035338880208411805,-0.18773374650808033,0
0.36678085492735873,-0.10501590831637946,-0.06831679565203705,0
0.17457946161299132,0.2211857618845892,0.08242313478507517,0
0.6288588919358236,-0.01711968490453503,0.028804266474216814,0
0.13300735374964417,-0.42780322679351385,-0.015500714811932987,0
0.43288762151143295,-0.012417872239272033,0.1665967106487129,0
0.48931713405386856,0.02103680085351797,0.11283771342708232,0
0.6293763856437288,-0.02622928255647342,-0.07946474001693171,0
0.5304644633052843,-0.0017270679838968543,0.20453824897840703,0
0.49801131623370803,-0.0026692607783097176,0.19093690548570472,0
0.49801131623370803,-0.0026692607783097176,0.19093690548570472,0
0.629893879351634,-0.035338880208411805,-0.18773374650808033,0
0.5964057448642472,-0.018061877698947907,0.015202922981514504,0
0.4915890717449519,-0.06296938974052411,0.08141104741141064,0
-1.6028312582273205,0.01558281688061652,-0.523854175769962,1
0.5203127550858214,-0.037304179623556866,0.009874306576303754,0
0.4650765561752352,0.16356544561129505,0.08911094827797318,0
-0.5590461726919989,0.35338959609317017,0.3522381734250628,1
-1.3211639677626446,-0.07458973408454249,0.09408597417725383,1
-1.056956814233038,0.3599855370804097,0.1706925682835494,1
-1.3657766497611854,0.02744896883131917,-0.056506618512382804,1
0.5964057448642472,-0.018061877698947907,0.015202922981514504,0
0.6623470264232102,-0.03439668741399893,-0.17413240301537802,0
-0.8322133687988018,-0.5285198036671409,0.470995751094541,1
0.45437147352685847,-0.020969369908505817,0.19920963257319624,0
0.5304644633052843,-0.0017270679838968543,0.20453824897840703,0
0.6623470264232102,-0.03439668741399893,-0.17413240301537802,0
0.6623470264232102,-0.03439668741399893,-0.17413240301537802,0
0.629893879351634,-0.035338880208411805,-0.18773374650808033,0
0.4868246205984348,-0.02002717711409294,0.21281097606589855,0
-1.1613064380254197,0.23542966370129556,-0.19815541182456184,1
-1.2106969266185807,0.010068515682145392,-0.140614650798823,1
0.6288588919358236,-0.01711968490453503,0.028804266474216814,0
0.35116755083773354,0.031523198249479106,-0.04863240338156322,0
0.6948001734947865,-0.03345449461958605,-0.1605310595226757,0
-1.8641489382688707,-0.0588040346610142,-0.23461035743055966,1
0.49107157803704676,-0.05385979208858572,0.18968005390255918,0
-0.7897586286318977,-0.10611399080998786,0.17831458778627238,1
0.5629176103768606,-0.000784875189483991,0.21813959247110934,0
-0.608338328459445,-0.37631050869617405,-0.13239504416247547,1
-0.8533477447887113,0.28703646871360383,-0.5241562306400637,1
-0.537549109140649,0.7331968121485636,0.3737913839825509,1
0.519277767670011,-0.019084984319680063,0.22641231955860086,0
-0.7029409317866072,0.4729595445721269,-0.10209171019871449,1
0.5304644633052843,-0.0017270679838968543,0.20453824897840703,0
0.5197952613779162,-0.02819458197161848,0.11814331306745232,0
0.41073163082000896,-0.03926947903870193,0.2074823596606878,0
0.5964057448642472,-0.018061877698947907,0.015202922981514504,0
0.41486132133080617,-0.058986735726752317,0.2493944478384118,0
0.5964057448642472,-0.018061877698947907,0.015202922981514504,0
0.6900958951548573,-0.012150570745457171,-0.170615104772773,0
0.5634351040847658,-0.009894472841422381,0.10987058597996079,0
-0.6847458936377843,-0.6128346039757966,-0.3362629777756157,1
-0.5949690750380348,0.6925349720675346,-0.3384442046717939,1
-1.173491405968026,-0.07702170441904359,0.3975639615535676,1
0.559088012994846,0.001958557974491457,0.07082098995064957,0
0.6948001734947865,-0.03345449461958605,-0.1605310595226757,0
-1.5216965234428756,0.29690380103444197,-0.3989587837136879,1
0.5629176103768606,-0.000784875189483991,0.21813959247110934,0
-0.8339973430875663,0.7567803395842425,0.06142027420403716,1
-1.082183235076316,-0.4923518002636486,-0.3305638350106992,1
-1.988725273038517,-0.24687292709306963,-0.2612416316161938,1
0.539605126329423,-0.07732458218691708,-0.07362598829248607,0
0.6571252543753757,-0.003983165887931658,-0.07594744177432669,0
0.47615541867106675,-0.04649469110181456,0.12641604015494387,0
0.5964057448642472,-0.018061877698947907,0.015202922981514504,0
0.5634351040847658,-0.009894472841422381,0.10987058597996079,0
0.5304644633052843,-0.0017270679838968543,0.20453824897840703,0
0.5964057448642472,-0.018061877698947907,0.015202922981514504,0
0.040101670502088536,0.0012815664059602468,0.147985747767847,0
0.3472828627164798,0.018129308643960045,0.29684442301876407,0
0.6948001734947865,-0.03345449461958605,-0.1605310595226757,0
0.5214130938754353,0.031429886706145896,0.15540460769899853,0
0.3662925159261815,0.18422385784560713,0.01069296585361347,0
-0.8373406007294093,-0.22237109850074435,-0.27733219167625495,1
0.4651124368962438,0.3216327471433743,-0.10738267192820461,0
0.6618295327153051,-0.025287089762060542,-0.0658633965242294,0
0.5958882511563421,-0.008952280047009518,0.1234719294726631,0
0.3977816545265272,-0.05476533840757248,0.33227208550676157,0
0.5304644633052843,-0.0017270679838968543,0.20453824897840703,0
0.6948001734947865,-0.03345449461958605,-0.1605310595226757,0
-0.7125820423144531,-0.5179780925070829,0.16708353725297687,1
0.6288588919358236,-0.01711968490453503,0.028804266474216814,0
0.497939363815275,-0.07202001229512332,0.05362244773669144,0
-1.3383892484718625,-0.8539994105112705,0.11919167683408373,1
0.26485019602930704,0.018209185222128176,0.021926445209637397,0
0.5958882511563421,-0.008952280047009518,0.1234719294726631,0
0.48931713405386856,0.02103680085351797,0.11283771342708232,0
0.52228777483335,0.012869395995992444,0.018170050428636075,0
0.5964057448642472,-0.018061877698947907,0.015202922981514504,0
0.5964057448642472,-0.018061877698947907,0.015202922981514504,0
0.6948001734947865,-0.03345449461958605,-0.1605310595226757,0
0.6618295327153051,-0.025287089762060542,-0.0658633965242294,0
0.5964057448642472,-0.018061877698947907,0.015202922981514504,0
0.6062747011307842,-0.07730225356500399,-0.1493389565729613,0
0.6211996971717946,-0.01163281857658412,-0.26583293856670276,0
-1.607374633988538,-1.0541992821506831,-0.4762752627740022,1
0.5964057448642472,-0.018061877698947907,0.015202922981514504,0
0.41677196317838455,0.2317349141275003,-0.05850342784338312,0
0.5438609204430654,-0.03812266118621882,-0.2765149061971822,0
0.49107157803704676,-0.05385979208858572,0.18968005390255918,0
0.5634351040847658,-0.009894472841422381,0.10987058597996079,0
0.5639525977926709,-0.019004070493360784,0.0016015794888121957,0
0.5964057448642472,-0.018061877698947907,0.015202922981514504,0
0.5304644633052843,-0.0017270679838968543,0.20453824897840703,0
-0.1746625822962188,-0.5466529672794547,0.13739117658747016,0
-1.0756611386701358,0.43282519832704464,-0.02940598287983047,1
0.6948001734947865,-0.03345449461958605,-0.1605310595226757,0
0.6623470264232102,-0.03439668741399893,-0.17413240301537802,0
0.5309819570131895,-0.010836665635835244,0.09626924248725847,0
0.5750673410095112,-0.07099690567439114,-0.15758694884039492,0
0.5750673410095112,-0.07099690567439114,-0.15758694884039492,0
0.5228052685412552,0.003759798344054055,-0.0900989560625125,0
0.6948001734947865,-0.03345449461958605,-0.1605310595226757,0
0.4237500848769571,-0.054618339716962644,0.17372172543373976,0
0.5639525977926709,-0.019004070493360784,0.0016015794888121957,0
-0.5252496504055998,-0.8145963290613708,0.025154958367515703,1
-1.3206318598872318,-0.513705026356606,-0.3170910444061904,1
-1.0349515604625903,0.09784671362614067,-0.473234837763452,1
0.48226672997402215,-0.03364088228708162,-0.04812998417097846,0
0.5969232385721526,-0.027171475350886296,-0.09306608350963402,0
0.40175763962405836,-0.09242640061866551,0.22873377304044157,0
0.6623470264232102,-0.03439668741399893,-0.17413240301537802,0
0.4649687230357935,-0.06385260743759781,0.1482901107351377,0
0.6187071837163607,-0.05269679654419505,-0.16585967592788647,0
0.5629176103768606,-0.000784875189483991,0.21813959247110934,0
0.6948001734947865,-0.03345449461958605,-0.1605310595226757,0
0.6618295327153051,-0.025287089762060542,-0.0658633965242294,0
-1.9853922409426175,-0.14560236989879163,-0.05951191598148478,1
-1.4175856319851103,0.13263475728718918,-0.39005731310392644,1
0.45861843096547045,-0.05480198488299858,0.17607871040985687,0
0.6948001734947865,-0.03345449461958605,-0.1605310595226757,0
0.6948001734947865,-0.03345449461958605,-0.1605310595226757,0
0.6948001734947865,-0.03345449461958605,-0.1605310595226757,0
0.6948001734947865,-0.03345449461958605,-0.1605310595226757,0
0.517619974327772,-0.12232732590832565,-0.014513467170181158,0
0.5958882511563421,-0.008952280047009518,0.1234719294726631,0
0.5979074686739507,-0.17973029984451805,-0.18124427277816893,0
0.6211996971717946,-0.01163281857658412,-0.26583293856670276,0
-0.848765523846942,-0.2085685007411953,-0.02566772666435096,1
0.6288588919358236,-0.01711968490453503,0.028804266474216814,0
0.5825639298898422,-0.03895842130250962,0.012243892516444043,0
0.5519307492494112,0.047364157653281905,0.014907149380617997,0
0.6618295327153051,-0.025287089762060542,-0.0658633965242294,0
-1.1400648206794965,-0.8080501046518863,-0.05667167953711805,1
-0.7112405250437813,-0.27775345500266563,-0.20404144422950626,1
-0.8334628207689135,-0.13469354447436216,-0.22432765651843983,1
